Datetime,Residual_Load,Load,Real_Wholesale_Price_EUR,TTF_Gas_Price,Coal_Price,EU_ETS_Price,Brent_Oil_Price,EU_Gas_Storage_Anomaly,EU_Residual_Load_Normalized,Next_Week_Price_EUR
2018-01-07 00:00:00+00:00,257278.02217261906,330541.81860119046,31.886322707643018,19.098333994547527,96.46666717529297,0.24166666467984518,67.55666732788086,-9.740535714285716,0.6122377727355867,41.592307167564385
2018-01-14 00:00:00+00:00,313044.1200892857,363933.24345238094,41.592307167564385,19.506428582327707,95.78571537562779,0.25,69.2385722569057,-9.510535714285714,0.9220559223296683,39.314706521326926
2018-01-21 00:00:00+00:00,296374.7761904762,366963.90148809523,39.314706521326926,18.580714634486608,95.27142878941127,0.25,69.07714298793248,-9.341607142857141,0.8294465149188429,38.97034289168067
2018-01-28 00:00:00+00:00,290616.30595238094,356643.3663690476,38.97034289168067,17.950714928763254,95.25714220319476,0.2535714294229235,70.2142835344587,-8.817142857142857,0.7974543429665346,38.994751565665126
2018-02-04 00:00:00+00:00,297420.2306547619,364050.21636904764,38.994751565665126,17.902142660958425,89.27856990269252,0.28214285203388756,68.90714372907367,-8.520535714285714,0.83525471702927,43.4222230357476
2018-02-11 00:00:00+00:00,327073.7599702381,379670.38586309523,43.4222230357476,17.86642837524414,84.23571450369698,0.3357142806053161,64.7385722569057,-9.952678571428573,1.0,41.40080671685105
2018-02-18 00:00:00+00:00,308285.36041666666,366702.57663690473,41.40080671685105,18.087857927594865,84.42857033865792,0.34642856461661203,64.07428468976703,-11.14017857142857,0.8956178143893037,47.453674356063615
2018-02-25 00:00:00+00:00,317716.00029761903,372696.68511904764,47.453674356063615,19.840714590890066,85.60714285714286,0.42142857824053076,66.2614266531808,-13.0975,0.9480113564616025,56.23389663044787
2018-03-04 00:00:00+00:00,314662.71904761903,391415.2763392857,56.23389663044787,18.030000141688756,80.46428462437221,0.46571428009441923,65.53285762241909,-16.572499999999998,0.9310483272663576,42.745621225779864
2018-03-11 00:00:00+00:00,293395.7677083333,353836.86919642857,42.745621225779864,18.31142888750349,81.05714416503906,0.4542857153075081,65.10714176722935,-18.60589285714286,0.8128961208614753,39.787751313826455
2018-03-18 00:00:00+00:00,272797.24598214286,349756.64702380955,39.787751313826455,18.93642861502511,80.53571428571429,0.38714285833495005,65.461427961077,-18.924642857142857,0.6984574901522159,45.73891767470899
2018-03-25 00:00:00+00:00,291603.76696428575,354768.55610119045,45.73891767470899,18.801428386143275,79.92142813546317,0.362142869404384,69.02857099260602,-20.713035714285716,0.8029403524765028,39.49528806247457
2018-04-01 00:00:00+00:00,268670.15758928575,330360.72991071426,39.49528806247457,18.250714710780553,79.52856990269252,0.3600000143051147,70.11999838692802,-21.799107142857142,0.675528740663648,36.59703538438867
2018-04-08 00:00:00+00:00,241541.21964285715,312996.68854166666,36.59703538438867,18.160000119890487,80.4499991280692,0.34214286719049725,67.63428606305804,-21.891785714285714,0.5248092593118214,40.65832783874993
2018-04-15 00:00:00+00:00,256993.42708333334,314942.79970238096,40.65832783874993,19.237857001168386,81.97142900739398,0.3721428598676409,71.64428601946149,-22.245357142857145,0.6106566557623707,39.86040887978081
2018-04-22 00:00:00+00:00,243744.71145833333,297746.4691964286,39.86040887978081,19.562142508370535,81.64285932268415,0.361428575856345,73.2057135445731,-21.487678571428575,0.537051137126846,37.21671443214705
2018-04-29 00:00:00+00:00,236094.8125,297058.7050595238,37.21671443214705,20.055713653564457,81.72857230050224,0.4064285670007978,74.461427961077,-20.56339285714286,0.4945508075647128,35.25766772426778
2018-05-06 00:00:00+00:00,225286.2119047619,288672.09285714285,35.25766772426778,20.247142791748047,85.22142900739398,0.45500000034059795,74.56142970493862,-20.196785714285717,0.43450176771397336,36.88351266438512
2018-05-13 00:00:00+00:00,228744.87291666665,284483.44851190475,36.88351266438512,20.952142442975724,87.34285736083984,0.4428571377481733,76.72285788399833,-19.63607142857143,0.45371695390797223,42.223678656461175
2018-05-20 00:00:00+00:00,233934.38169642858,290182.9032738095,42.223678656461175,21.900000163487025,89.62142726353237,0.41499999591282427,78.68143027169364,-19.019107142857145,0.4825481626084749,45.15753738169662
2018-05-27 00:00:00+00:00,234977.61562499998,286716.7377976191,45.15753738169662,22.30071449279785,89.52856990269252,0.3685714219297681,78.10000174386161,-18.466250000000002,0.4883440281507752,49.38147029195325
2018-06-03 00:00:00+00:00,244269.9111607143,287934.20208333334,49.38147029195325,22.192857197352822,94.32856968470982,0.3785714336803981,77.09856959751674,-18.050892857142856,0.5399689744157701,50.36078581045557
2018-06-10 00:00:00+00:00,248683.99345238094,293036.6546130952,50.36078581045557,21.56285776410784,95.34285845075335,0.3764285700661795,76.10428510393415,-17.888749999999998,0.5644921678764953,48.294548339571314
2018-06-17 00:00:00+00:00,239754.1683035714,292521.7709821428,48.294548339571314,21.874285561697825,96.62857273646763,0.3914285727909633,75.04857199532645,-17.460535714285715,0.5148809881963762,44.61822461816694
2018-06-24 00:00:00+00:00,230191.08794642857,295253.47827380954,44.61822461816694,21.692143031529017,96.32142857142857,0.4000000059604645,74.98000117710659,-17.282857142857146,0.46175165027682247,48.01682490192294
2018-07-01 00:00:00+00:00,240890.72872023808,295337.7116071428,48.01682490192294,21.808571406773158,96.1999991280692,0.3957142872469766,77.83285849434989,-16.591607142857143,0.5211953450968669,50.364168228006335
2018-07-08 00:00:00+00:00,248450.97261904762,299315.8574404762,50.364168228006335,22.3271427154541,99.77856990269252,0.41857142959322247,77.36285836356026,-15.914821428571429,0.5631975805537802,52.03925511778152
2018-07-15 00:00:00+00:00,251050.81309523812,297684.59464285715,52.03925511778152,22.400713784354075,101.68571254185268,0.5035714251654488,75.82428632463727,-15.297678571428568,0.5776414415314085,52.513547970501456
2018-07-22 00:00:00+00:00,250934.6706845238,295771.1688988095,52.513547970501456,21.97000013078962,100.82142748151507,0.7118571400642395,72.67000034877232,-14.665714285714284,0.5769961923904218,53.88539719289613
2018-07-29 00:00:00+00:00,248660.18229166666,297875.3199404762,53.88539719289613,22.01142828805106,100.96428680419922,0.7757143037659782,73.97714342389789,-14.185178571428574,0.5643598808772649,56.44775502638878
2018-08-05 00:00:00+00:00,253556.76160714286,300483.6818452381,56.44775502638878,22.11714281354632,94.72856903076173,0.7378571544374738,73.79285648890904,-13.515714285714285,0.5915636695505996,54.30358623194491
2018-08-12 00:00:00+00:00,233536.53601190474,289811.42767857143,54.30358623194491,22.723571232387,96.67142813546317,0.7078571319580078,73.02571323939732,-12.800357142857143,0.4803378624725866,54.04123519536256
2018-08-19 00:00:00+00:00,223020.8047619048,276430.0775297619,54.04123519536256,23.86357171194894,97.97857012067523,0.49499999625342234,71.82142966134208,-11.92285714285714,0.42191590864730477,58.30867477943682
2018-08-26 00:00:00+00:00,238188.33913690477,289063.73303571425,58.30867477943682,24.674286161150253,97.25,0.47071428809847143,74.54428536551339,-11.147142857142859,0.5061817549144988,60.049338548035415
2018-09-02 00:00:00+00:00,243765.10595238092,293193.71324404766,60.049338548035415,25.753571101597377,97.57142857142857,0.4807142913341522,77.04714093889508,-10.22892857142857,0.537164442246691,61.17280649163937
2018-09-09 00:00:00+00:00,250217.92127976188,295604.60967261903,61.17280649163937,27.284285409109934,100.06428745814732,0.4421428527150835,77.12142835344586,-9.525357142857146,0.5730141677804548,61.23032785461489
2018-09-16 00:00:00+00:00,245508.79925595238,297858.26636904763,61.23032785461489,27.571428843906947,100.1000006539481,0.4164285617215292,78.37428392682757,-8.633571428571429,0.5468518303364832,56.56034783449712
2018-09-23 00:00:00+00:00,235266.8523809524,301309.60297619045,56.56034783449712,28.367143086024694,99.78571319580078,0.42714284999029967,78.7971442086356,-7.514107142857147,0.4899509327015953,55.669165763354144
2018-09-30 00:00:00+00:00,235403.7413690476,303714.76636904763,55.669165763354144,28.042857306344168,100.37142617361886,0.4257142884390695,82.0414287022182,-6.8782142857142885,0.4907114430219488,59.776034184078426
2018-10-07 00:00:00+00:00,241616.28467261908,305442.8660714286,59.776034184078426,27.569285256522043,101.10714285714286,0.4107142814568111,84.7328600202288,-6.519642857142858,0.525226295996992,56.064004075886615
2018-10-14 00:00:00+00:00,237699.62678571427,302779.49910714285,56.064004075886615,26.560713631766184,99.79285757882255,0.4085714263575418,81.93571472167969,-5.810892857142861,0.5034666293814934,61.027981129506024
2018-10-21 00:00:00+00:00,262044.56979166667,306516.62366071425,61.027981129506024,26.500000272478378,99.76428767613002,0.3821428545883724,80.12428610665458,-4.524285714285715,0.6387191479519805,55.661789069664856
2018-10-28 00:00:00+00:00,247244.56443452384,322084.80773809523,55.661789069664856,24.96357182094029,100.36428724016461,0.3992857209273747,77.45571572440011,-3.991964285714289,0.5564951723640796,55.039088366679216
2018-11-04 00:00:00+00:00,261359.67916666667,324712.86205357144,55.039088366679216,24.18499973842076,96.99285561697823,0.4192857231412615,74.67285810198102,-4.20553571428571,0.6349141202731761,55.14588578233104
2018-11-11 00:00:00+00:00,264394.6633928572,328125.5157738095,55.14588578233104,24.21857179914202,92.81428636823382,0.5178571215697697,71.22285679408482,-3.865000000000001,0.6517754972052806,56.92512642424249
2018-11-18 00:00:00+00:00,273362.24092261906,332060.4224702381,56.92512642424249,26.185000010899135,90.49285670689174,0.5021428550992693,66.9442879813058,-3.361785714285714,0.7015964167317649,65.04019939080781
2018-11-25 00:00:00+00:00,300946.93660714285,357410.6648809524,65.04019939080781,24.565714154924667,88.25714438302177,0.7200000030653817,61.81142807006836,-3.9424999999999994,0.8548479385948504,58.69742281590389
2018-12-02 00:00:00+00:00,283673.71101190476,356612.7377976191,58.69742281590389,24.6728572845459,88.44285692487445,0.6457142915044513,59.298570360456196,-4.108214285714283,0.7588835625426685,53.928496032866576
2018-12-09 00:00:00+00:00,268852.34345238097,348886.75625,53.928496032866576,23.787857600620814,86.21428680419922,0.6621428557804653,61.55999973842076,-3.098214285714284,0.6765409055648162,59.23853970616236
2018-12-16 00:00:00+00:00,310213.540625,370676.21651785716,59.23853970616236,24.13571466718401,87.7999997820173,0.6278571486473083,60.372857230050236,-2.7537499999999966,0.9063301512130575,58.35376099971177
2018-12-23 00:00:00+00:00,290453.7501488095,356386.2239583333,58.35376099971177,24.560713904244565,88.3000008719308,0.5171428535665784,55.55999973842076,-3.695535714285715,0.79655123623772,52.35286909308405
2018-12-30 00:00:00+00:00,254814.7266369048,310146.3645833333,52.35286909308405,23.497857230050222,87.73571450369698,0.4835714272090367,52.024286542619976,-3.9223214285714283,0.5985525106625832,53.63507614027543
2019-01-06 00:00:00+00:00,271223.63422619045,334985.4895833333,53.63507614027543,22.497142791748047,84.64285605294364,0.5107142754963466,55.66285760062082,-4.271607142857143,0.6897150193568375,56.76319853232754
2019-01-13 00:00:00+00:00,289383.60967261903,371250.5316964286,56.76319853232754,21.968570981706893,82.26428767613002,0.5457142676625933,60.08714294433594,-4.278214285714284,0.7906058867417859,58.20201963350231
2019-01-20 00:00:00+00:00,307404.47098214284,374826.0269345238,58.20201963350231,22.355713980538503,82.92857033865792,0.5357142857142857,61.46142905099051,-3.5462499999999983,0.8907238816094097,64.01359785487757
2019-01-27 00:00:00+00:00,321658.3592261905,383729.74538690475,64.01359785487757,21.508571352277485,82.06428636823382,0.4971428598676409,61.62142835344587,-3.961607142857141,0.9699138096350506,55.66900636737142
2019-02-03 00:00:00+00:00,315812.97514880955,381810.51324404764,55.66900636737142,19.866428102765763,78.62142835344586,0.4907142860548837,61.485713958740234,-4.576964285714286,0.9374387728980869,48.343484789329004
2019-02-10 00:00:00+00:00,287658.54434523813,369041.7291666667,48.343484789329004,18.730713980538507,75.14285714285714,0.4728571389402662,62.158570425850996,-4.85,0.7810219895780159,47.03011740581471
2019-02-17 00:00:00+00:00,283513.95565476187,355161.5119047619,47.03011740581471,17.987857273646764,73.88571493966239,0.4749999940395355,64.40857097080776,-4.0928571428571425,0.7579960141757071,45.20703478236395
2019-02-24 00:00:00+00:00,283452.7241071428,346446.6842261905,45.20703478236395,17.594285692487443,74.32142748151507,0.5007142850330898,66.88714381626674,-3.5539285714285724,0.7576558317801508,43.654872474616596
2019-03-03 00:00:00+00:00,273316.5956845238,336294.13943452376,43.654872474616596,17.339999880109513,74.54285648890904,0.5971428666796003,65.37142835344586,-2.602321428571428,0.7013428267598507,39.04892447176356
2019-03-10 00:00:00+00:00,243654.434375,340081.2697916667,39.04892447176356,16.92714282444545,73.37857055664062,0.543571446623121,65.86285618373326,-0.7089285714285712,0.5365495872613547,37.210992813920605
2019-03-17 00:00:00+00:00,242698.76741071427,342153.36726190476,37.210992813920605,15.702142715454102,71.88571384974888,0.5371428813253131,67.07285962785993,0.04732142857142819,0.5312402150519947,41.166497627429806
2019-03-24 00:00:00+00:00,265659.77976190473,330643.8647321428,41.166497627429806,14.732857022966657,71.00714220319476,0.5292857033865792,67.51428549630302,0.5703571428571408,0.6588040688128048,39.72254159917702
2019-03-31 00:00:00+00:00,253406.46220238094,322187.1422619048,39.72254159917702,14.377143042428154,70.02142987932477,0.5135714241436549,68.0,1.2710714285714286,0.5907286553536583,41.678611426542226
2019-04-07 00:00:00+00:00,260632.63482142857,322665.24449404766,41.678611426542226,15.171428680419922,56.70714296613421,0.5400000044277736,69.72999899727958,3.447142857142858,0.6308749003505071,46.099791778579025
2019-04-14 00:00:00+00:00,261773.6837797619,323148.7864583333,46.099791778579025,16.001428195408412,59.48571450369699,0.5792856982776097,71.27428763253349,2.635714285714287,0.6372141941163244,41.9842708071133
2019-04-21 00:00:00+00:00,227214.03258928572,295058.6142857143,41.9842708071133,14.69714287349156,59.500000544956755,0.6164285710879734,71.77142987932477,1.8917857142857142,0.4452121071413598,36.38419167872944
2019-04-28 00:00:00+00:00,211396.7266369048,285553.1684523809,36.38419167872944,14.42214298248291,58.96428516932896,0.5921428544180733,73.41714368547711,3.4375,0.35733634310541995,39.76934409565995
2019-05-05 00:00:00+00:00,231948.21979166666,294253.1422619048,39.76934409565995,14.432856968470983,59.77142769949776,0.542857153075082,71.47428567068917,4.072321428571428,0.4715136984964774,41.81388417243669
2019-05-12 00:00:00+00:00,240678.73407738097,304557.99880952376,41.81388417243669,14.17857129233224,59.73571450369699,0.5357142771993365,70.53428649902344,4.05392857142857,0.5200175723921674,41.81096297630473
2019-05-19 00:00:00+00:00,236519.61145833335,296533.72961309523,41.81096297630473,13.335714067731585,58.607143947056365,0.545714293207441,71.78428540910993,3.776071428571427,0.4969108512496234,41.23868586986698
2019-05-26 00:00:00+00:00,232919.5425595238,291394.9488095238,41.23868586986698,12.51499993460519,57.8499995640346,0.5507142969540187,69.8528584071568,4.141964285714284,0.47691004921561503,35.39317380143929
2019-06-02 00:00:00+00:00,221787.2724702381,285066.8348214286,35.39317380143929,11.726428713117329,56.82142857142857,0.5285714183534894,66.94142804827008,4.809642857142858,0.41506280781461224,32.891500784328024
2019-06-09 00:00:00+00:00,222920.42351190475,289594.79925595236,32.891500784328024,11.467857360839844,52.12857164655413,0.5014285700661795,62.20285742623465,5.619821428571428,0.421358223345826,36.98826971135311
2019-06-16 00:00:00+00:00,233416.2619047619,290662.0855654762,36.98826971135311,11.357142857142858,50.66428484235491,0.49000000953674305,61.69857134137835,6.332499999999998,0.4796696589813766,37.06969498811925
2019-06-23 00:00:00+00:00,238262.24077380955,291215.47529761906,37.06969498811925,10.614999634878975,48.9000004359654,0.514285717691694,63.564283643450054,6.959464285714283,0.5065923281705301,37.5378768137908
2019-06-30 00:00:00+00:00,243252.18839285715,306802.95952380955,37.5378768137908,9.912142753601074,48.96428625924246,0.49071429456983284,66.0857162475586,7.639107142857145,0.5343148405151258,37.96390978411252
2019-07-07 00:00:00+00:00,239667.88779761904,305906.0270833333,37.96390978411252,10.689285823277064,53.78571374075754,0.48071427856172827,63.970001220703125,7.908392857142856,0.5144016420039969,41.60433232971474
2019-07-14 00:00:00+00:00,248373.50535714286,298320.73571428575,41.60433232971474,12.67785712650844,57.57857077462332,0.48142856785229265,65.9942866734096,8.050178571428571,0.5627671978547196,43.40227029914029
2019-07-21 00:00:00+00:00,241776.80654761905,294446.26160714286,43.40227029914029,11.211428369794573,57.95714242117746,0.4707142838409969,63.40428652082171,8.308571428571428,0.5261181028857613,44.565904645357065
2019-07-28 00:00:00+00:00,240335.3507440476,299728.84270833334,44.565904645357065,10.12928567613874,58.26428549630301,0.46142857841082974,63.43428530011858,8.539999999999996,0.5181098472166716,43.60096503909865
2019-08-04 00:00:00+00:00,239525.69300595237,288207.1793154762,43.60096503909865,11.286428724016462,58.092857360839844,0.44642856291362215,62.824285234723774,8.283749999999994,0.5136116543792232,39.46680156697936
2019-08-11 00:00:00+00:00,223114.96835317457,286022.96413690475,39.46680156697936,11.710714067731583,56.32857131958008,0.44428570781435284,58.27857099260603,8.46839285714286,0.42243905067617565,37.342646818408674
2019-08-18 00:00:00+00:00,210526.40446428573,274002.3438988095,37.342646818408674,11.22142859867641,56.1000006539481,0.4214285739830562,59.07142802647182,8.679821428571428,0.35250111856676797,38.8090010407188
2019-08-25 00:00:00+00:00,230426.04107142857,285309.75,38.8090010407188,10.87999997820173,55.407142639160156,0.42357143333980013,59.71571404593332,8.78142857142857,0.4630569727782753,44.38927298857668
2019-09-01 00:00:00+00:00,246981.22544642858,296787.96592261904,44.38927298857668,11.388571330479213,54.63571439470564,0.459999999829701,60.152857644217356,8.521607142857144,0.5550321473174004,38.450506754310965
2019-09-08 00:00:00+00:00,230034.69583333333,294516.30625,38.450506754310965,12.30571447099958,56.921429770333425,0.4757142833300999,60.70857184273856,8.677142857142858,0.4608827869906969,37.40320342020645
2019-09-15 00:00:00+00:00,228921.27886904762,293849.7761904762,37.40320342020645,14.22714274270194,60.46428625924246,0.46357143351009916,60.97428676060268,8.444642857142856,0.4546970075209348,40.795752860185246
2019-09-22 00:00:00+00:00,237999.31651785714,296946.2607142857,40.795752860185246,13.085000038146973,61.278571537562776,0.4921428518635886,64.91571371895927,8.355178571428567,0.5051316072396107,41.188594467997355
2019-09-29 00:00:00+00:00,234940.02187499998,298089.9994047619,41.188594467997355,12.057142666407994,60.4642846243722,0.45214285595076426,62.67571367536272,8.089107142857143,0.4881351696059527,40.90511191652545
2019-10-06 00:00:00+00:00,236411.4098214286,301422.09821428574,40.90511191652545,16.06785719735282,59.62142889840262,0.4350000023841858,58.597141810825896,7.92107142857143,0.49630971844346977,38.402274697628194
2019-10-13 00:00:00+00:00,231389.76949404762,306883.87633928575,38.402274697628194,15.853571619306292,60.771428789411274,0.4650000035762786,59.36285618373326,7.239107142857141,0.46841113180609967,41.121414983519635
2019-10-20 00:00:00+00:00,245795.9288690476,307165.825,41.121414983519635,16.014286041259766,60.32857186453683,0.4699999988079071,59.38285609654018,6.992321428571423,0.5484470282926995,39.81657849712022
2019-10-27 00:00:00+00:00,248500.6485119048,311012.2061011905,39.81657849712022,15.425714084080287,59.93571417672293,0.7935714508805957,61.07999965122768,6.763750000000003,0.5634735635215583,39.26451662813886
2019-11-03 00:00:00+00:00,252591.27172619046,313297.13809523813,39.26451662813886,15.2378568649292,56.67142813546317,2.2792856693267822,61.295713697160984,6.529107142857142,0.5861997244380066,42.16012311108134
2019-11-10 00:00:00+00:00,276983.42038690473,336012.9809523809,42.16012311108134,16.212857246398926,56.12142835344587,2.897857121058873,62.37857110159738,6.774464285714283,0.7217145021436147,43.07405134322781
2019-11-17 00:00:00+00:00,278191.0226190476,347331.98333333334,43.07405134322781,15.665000098092216,55.71428680419922,3.085714340209961,62.68428530011858,6.907500000000001,0.7284235440702574,44.11160429607748
2019-11-24 00:00:00+00:00,285926.4561011905,349617.58898809523,44.11160429607748,15.697856766836983,55.70714296613421,3.8185714312962125,62.84142848423549,7.065892857142855,0.7713990753926552,43.70649250508149
2019-12-01 00:00:00+00:00,279527.4099702381,347443.67767857143,43.70649250508149,16.147857121058873,56.0,2.8571428912026544,63.33285631452288,8.698035714285716,0.735848073878771,42.393774663406745
2019-12-08 00:00:00+00:00,276501.60034722224,356933.09657738096,42.393774663406745,15.470714569091797,55.3428579057966,2.632142816271101,63.04285648890904,10.189464285714289,0.7190376680327746,37.18188611648787
2019-12-15 00:00:00+00:00,263263.89717261906,357496.19360119046,37.18188611648787,14.235714503696986,53.72857175554548,2.5964285986764093,64.59571402413505,11.347142857142856,0.6454933309597387,35.33056642366792
2019-12-22 00:00:00+00:00,260259.93779761903,339082.2770833333,35.33056642366792,14.429999896458217,53.46428516932896,2.672142880303519,66.08142743791852,12.841428571428573,0.6288043179251697,30.407314189204435
2019-12-29 00:00:00+00:00,236793.8745535714,296843.4705357143,30.407314189204435,12.733571325029645,53.50714438302176,3.6178571496691028,67.59857177734375,14.401428571428571,0.49843456705264716,32.591084171258885
2020-01-05 00:00:00+00:00,241193.6805059524,316571.93720238097,32.591084171258885,12.489285605294365,52.88571384974888,3.675000020435878,67.49857112339565,14.247500000000002,0.5228784458547232,36.23538697597211
2020-01-12 00:00:00+00:00,269298.9529761905,347640.3977678572,36.23538697597211,12.02499989100865,52.73571450369699,3.6599999836512973,66.1328593662807,14.058214285714284,0.6790221215979789,35.61021886987179
2020-01-19 00:00:00+00:00,267683.73214285716,356192.6583333333,35.61021886987179,11.206428800310405,51.41428484235491,3.8642856734139577,64.55142756870815,14.733035714285714,0.670048484415816,39.20588981721617
2020-01-26 00:00:00+00:00,304840.6684523809,364310.32782738097,39.20588981721617,10.564999989100865,50.307142530168804,3.7964285782405307,62.39428438459123,14.711964285714286,0.8764802356422411,31.70203192219241
2020-02-02 00:00:00+00:00,251903.60639880953,350915.39285714284,31.70203192219241,10.07285703931536,50.385714939662385,3.489285707473755,58.77285712105887,14.390714285714285,0.5823792814228338,30.055529128716632
2020-02-09 00:00:00+00:00,269612.3962797619,350552.70029761904,30.055529128716632,9.178571156093053,48.535714285714285,6.288571425846645,54.57571465628488,14.882321428571428,0.6807635097879914,26.404673171574824
2020-02-16 00:00:00+00:00,247898.77291666667,349043.0866071428,26.404673171574824,8.778571673801967,49.42142868041992,7.199999809265137,55.90999984741211,15.47178571428572,0.5601297401204453,26.131492061008906
2020-02-23 00:00:00+00:00,238743.90833333335,344882.6388392857,26.131492061008906,9.374999863760811,48.94285692487444,7.199999809265137,58.42857142857143,15.938928571428573,0.5092683151516196,28.082917220346843
2020-03-01 00:00:00+00:00,250500.09300595237,348527.99017857143,28.082917220346843,8.944999967302595,48.157142639160156,7.199999809265137,52.63142885480608,13.610357142857143,0.5745818213431398,29.435675949801503
2020-03-08 00:00:00+00:00,267798.07410714286,347388.44389880955,29.435675949801503,8.821428843906947,47.12142726353236,7.199999809265137,48.670000893729075,15.650892857142857,0.6706837308669642,25.101023164073062
2020-03-15 00:00:00+00:00,238828.91889880953,333333.52574404766,25.101023164073062,9.167142731802803,46.47142846243722,7.199999809265137,34.59142848423549,15.601071428571428,0.5097406059712344,22.460222898922964
2020-03-22 00:00:00+00:00,235279.52485119045,309296.50639880955,22.460222898922964,8.415000098092216,47.17857142857143,7.199999809265137,27.58142798287528,15.848214285714283,0.4900213367898607,19.33322477497163
2020-03-29 00:00:00+00:00,212627.26651785715,298421.4793154762,19.33322477497163,7.534285545349121,47.86428615025112,7.199999809265137,26.10000010899135,15.351785714285716,0.3641728190856488,18.998513474451116
2020-04-05 00:00:00+00:00,214292.56919642858,292633.7217261905,18.998513474451116,6.9021428653172086,47.90714318411691,7.199999809265137,28.93000030517578,14.236071428571428,0.3734246945738721,19.06883020397828
2020-04-12 00:00:00+00:00,200475.05649801588,262417.5363095238,19.06883020397828,7.278571537562779,46.67857142857143,7.199999809265137,31.95428548540388,14.970357142857145,0.2966591259552451,16.491605216719652
2020-04-19 00:00:00+00:00,190210.1619047619,264319.01473214285,16.491605216719652,6.956428595951626,45.73571395874023,7.199999809265137,28.727142878941127,16.433392857142856,0.23963073832424012,16.9426645886133
2020-04-26 00:00:00+00:00,195966.6492559524,265521.2276785714,16.9426645886133,6.074999945504325,45.10000010899135,7.199999809265137,21.560000283377512,16.986428571428572,0.2716118940072623,17.49564972371484
2020-05-03 00:00:00+00:00,197538.00491071428,264861.4980654762,17.49564972371484,5.97928558077131,39.42142868041992,7.199999809265137,23.94000026157924,17.58642857142857,0.28034183064439305,19.438663027966584
2020-05-10 00:00:00+00:00,202846.9535714286,266853.5032738095,19.438663027966584,5.7878570556640625,39.84285681588309,7.199999809265137,30.037142344883506,18.040000000000003,0.309836608149005,19.411033918522985
2020-05-17 00:00:00+00:00,204172.69285714286,276704.9125,19.411033918522985,5.294999871935163,39.235713958740234,7.199999809265137,31.061428342546737,17.95375,0.3172019807981359,16.925897107794214
2020-05-24 00:00:00+00:00,194190.04672619049,263052.5898809524,16.925897107794214,4.2121429443359375,38.7928581237793,7.199999809265137,35.23714392525809,17.94,0.2617416730504811,19.33137339095939
2020-05-31 00:00:00+00:00,198318.18764880951,266244.75982142857,19.33137339095939,4.05357153075082,38.64999989100865,7.199999809265137,35.331429617745535,17.874642857142856,0.28467627004919255,20.476733727097432
2020-06-07 00:00:00+00:00,194999.1023809524,264192.0517857143,20.476733727097432,5.250714233943394,45.992858341761995,7.199999809265137,40.6528570992606,17.42910714285714,0.2662365209104037,23.373599764787485
2020-06-14 00:00:00+00:00,207786.1839285714,268677.8212797619,23.373599764787485,5.095714296613421,44.89999989100865,7.199999809265137,39.77857099260603,16.794464285714287,0.3372773520209472,26.547833807162483
2020-06-21 00:00:00+00:00,217913.92217261903,269924.95773809525,26.547833807162483,5.468571322304862,44.914285387311665,7.199999809265137,41.352856227329795,16.19910714285714,0.3935437439609555,29.76953964503367
2020-06-28 00:00:00+00:00,210929.60208333333,275699.0244047619,29.76953964503367,5.365714277539935,45.478571210588726,7.199999809265137,41.4471435546875,15.842857142857147,0.3547411522955172,24.42093687765923
2020-07-05 00:00:00+00:00,202701.61175595238,281862.2882440476,24.42093687765923,5.950000081743513,50.45714242117746,7.199999809265137,42.49285670689174,15.332321428571428,0.3090291366921214,27.217285163209052
2020-07-12 00:00:00+00:00,214971.4806547619,283672.55133928574,27.217285163209052,5.7621427944728305,49.59285681588309,12.199999945504326,43.07714353288923,14.699821428571429,0.37719650396375204,29.689386809095502
2020-07-19 00:00:00+00:00,223214.47886904763,277379.1077380952,29.689386809095502,5.117857047489712,49.02857099260603,18.63571466718401,43.17142868041992,13.868392857142862,0.42299189846443247,26.961522316091163
2020-07-26 00:00:00+00:00,218293.79136904763,279881.3587797619,26.961522316091163,4.909285817827497,49.54285648890904,18.185714176722936,43.602857317243306,12.55267857142857,0.39565417262500097,27.908542216611995
2020-08-02 00:00:00+00:00,218058.8004464286,285862.00625,27.908542216611995,5.460000038146973,49.74285779680525,17.742857251848495,43.317142486572266,11.530535714285712,0.3943486401323738,30.594066130364467
2020-08-09 00:00:00+00:00,222187.76398809525,278975.9324404762,30.594066130364467,7.600714274815151,51.02142769949777,18.44428607395717,44.57714353288923,10.83964285714286,0.41728780733270737,32.87409752968673
2020-08-16 00:00:00+00:00,228771.0443452381,281126.1583333333,32.87409752968673,7.649285929543631,49.750000544956755,22.507142748151505,44.897142682756694,10.080714285714288,0.4538623537812852,32.895808489472664
2020-08-23 00:00:00+00:00,212903.69761904763,279329.2760416667,32.895808489472664,8.013571330479213,49.02857099260603,22.285714285714285,44.87857055664062,9.408214285714282,0.36570857961867137,36.382888895671286
2020-08-30 00:00:00+00:00,217614.28690476192,286379.74553571426,36.382888895671286,9.82214273725237,48.978571210588726,24.28928565979004,45.26714270455496,8.670357142857139,0.39187906868854644,39.35683310301762
2020-09-06 00:00:00+00:00,224954.10431547617,283873.28199404763,39.35683310301762,11.488571439470562,51.77142824445452,22.685714176722936,43.905714307512554,7.643214285714283,0.43265668687413383,36.92297659690422
2020-09-13 00:00:00+00:00,219699.97470238095,288588.7183035714,36.92297659690422,10.74500002179827,51.585714612688335,21.035714285714285,40.3971437726702,7.431785714285714,0.40346646601828073,42.21333061570043
2020-09-20 00:00:00+00:00,229759.98973214286,290919.978125,42.21333061570043,11.209285872323173,51.985713958740234,19.99142837524414,42.15857206072126,7.208035714285712,0.45935660999190064,35.985896675768814
2020-09-27 00:00:00+00:00,219082.54563492062,290496.05982142856,35.985896675768814,11.692857197352819,52.24285670689174,17.972857066563197,41.8042847769601,6.833035714285713,0.40003623262680316,35.10977169244642
2020-10-04 00:00:00+00:00,227294.92931547618,297513.79538690473,35.10977169244642,12.881428446088519,56.821429116385325,22.678571428571427,40.4500002179827,6.146785714285714,0.44566154281917963,33.72591306321059
2020-10-11 00:00:00+00:00,226030.23958333334,302734.18154761905,33.72591306321059,13.657142911638532,57.64285659790039,33.285714285714285,42.54571424211774,5.901071428571432,0.4386353414663677,39.273740097668224
2020-10-18 00:00:00+00:00,255110.9206845238,314193.1955357143,39.273740097668224,14.14928572518485,56.750000544956755,32.0,42.77714320591518,4.913750000000001,0.6001980676440172,33.617095618268635
2020-10-25 00:00:00+00:00,230648.3931547619,313407.75148809527,33.617095618268635,15.137857164655413,56.83571352277483,31.600000653948104,42.18285696847098,3.9773214285714267,0.46429228802517786,29.963304164202356
2020-11-01 00:00:00+00:00,228976.60907738097,313293.3706845238,29.963304164202356,14.355714389256068,56.371427808489116,28.75,38.687142508370535,3.768035714285712,0.45500440401096914,31.14563064157563
2020-11-08 00:00:00+00:00,245641.26785714287,317908.58050595236,31.14563064157563,13.908571243286133,50.97142900739397,29.642857142857142,39.884286063058035,3.7910714285714278,0.5475877824370136,37.035806667342555
2020-11-15 00:00:00+00:00,255821.44761904763,316908.2144345238,37.035806667342555,14.100714138575963,52.107142312186106,29.364285605294363,43.09714235578265,3.4769642857142844,0.6041455222502168,32.15186135015927
2020-11-22 00:00:00+00:00,239187.2376488095,328377.8363095238,32.15186135015927,13.407143184116908,52.9000004359654,28.428571428571427,44.42714255196707,3.906071428571429,0.5117313074231407,43.62783564288551
2020-11-29 00:00:00+00:00,290182.4175595238,343029.88467261905,43.62783564288551,14.107142720903669,53.57857077462332,30.150000163487025,47.95428630283901,3.8101785714285716,0.7950438013646058,46.63499181567158
2020-12-06 00:00:00+00:00,287161.5775297619,357266.3924107143,46.63499181567158,14.71928596496582,62.20714187622069,40.185713631766184,48.53142820085798,2.9098214285714294,0.7782610049487776,48.826378054291084
2020-12-13 00:00:00+00:00,289813.2568452381,356087.028125,48.826378054291084,15.279285567147392,64.07142966134208,40.10000010899135,49.52142933436802,1.942142857142855,0.7929928655151274,44.20046652036279
2020-12-20 00:00:00+00:00,268107.7866071428,343615.21220238094,44.20046652036279,16.257857050214493,65.86428506033761,35.2000002179827,51.48714229038784,1.867678571428572,0.6724043919359803,32.846396724180465
2020-12-27 00:00:00+00:00,227315.8505952381,312461.46235119045,32.846396724180465,17.504999705723353,66.17856924874442,33.392857142857146,51.050000871930806,1.7553571428571464,0.44577777458767565,39.872971702479255
2021-01-03 00:00:00+00:00,257546.87410714285,321238.6020833333,39.872971702479255,19.06071417672294,66.22000122070312,33.32857131958008,51.49857112339565,0.382321428571428,0.6137314259044604,57.11924050778144
2021-01-10 00:00:00+00:00,318234.4184523809,370423.91592261905,57.11924050778144,19.297143118722097,67.26428549630302,30.964285714285715,54.47714342389788,-1.9798214285714286,0.9508915176961993,58.257223635945714
2021-01-17 00:00:00+00:00,307637.60907738097,381233.82663690473,58.257223635945714,21.673571722848074,69.2000002179827,30.071428571428573,55.71714237758091,-3.9974999999999996,0.8920191204008078,48.07374435448549
2021-01-24 00:00:00+00:00,275455.6712797619,368487.2272321428,48.07374435448549,20.757857731410436,67.66428811209542,29.964285714285715,55.62999997820173,-4.989999999999999,0.7132268291827717,49.94398605921209
2021-01-31 00:00:00+00:00,293959.8784226191,366174.196875,49.94398605921209,19.96285711015974,67.6857158115932,25.142857142857142,55.82428632463728,-5.514285714285715,0.8160301349703228,46.00136174752958
2021-02-07 00:00:00+00:00,283243.4498511905,362689.08913690475,46.00136174752958,18.21499960763114,65.55000032697406,26.92142840794155,58.447142464774,-6.050357142857143,0.7564931726528489,51.76969263126824
2021-02-14 00:00:00+00:00,304326.4617559524,385853.0921130952,51.76969263126824,18.288571766444615,67.57857295445034,26.05714280264718,61.6500004359654,-7.4383928571428575,0.8736234718888504,42.77440661775414
2021-02-21 00:00:00+00:00,261463.61279761908,353696.0657738095,42.77440661775414,16.83857182094029,65.89285714285714,24.371428625924246,63.2542849949428,-9.116785714285713,0.6354915414380994,40.88889112190044
2021-02-28 00:00:00+00:00,252333.15431547616,330583.9407738095,40.88889112190044,15.944285529000421,65.87142944335938,26.16428538731166,66.13142721993583,-8.735714285714286,0.5847657087626581,47.62459644001097
2021-03-07 00:00:00+00:00,278842.99226190476,338805.9961309524,47.62459644001097,16.071428435189382,65.41428593226841,27.949999945504324,66.46857125418526,-8.216428571428569,0.7320456735698571,42.88472636113433
2021-03-14 00:00:00+00:00,244079.2299107143,343325.3870535714,42.88472636113433,17.74000004359654,65.97857121058873,28.16428538731166,68.70714242117745,-8.765357142857145,0.5389096119313163,46.86052868357264
2021-03-21 00:00:00+00:00,256488.96904761903,339671.70446428575,46.86052868357264,17.58785683768136,67.58571406773159,28.264285223824636,66.01999882289341,-9.26232142857143,0.607854052370496,46.247608228083486
2021-03-28 00:00:00+00:00,241396.27857142856,324558.1480654762,46.247608228083486,18.4985716683524,68.44285583496094,28.142857142857142,63.640001024518696,-9.975714285714286,0.5240040142574285,41.08914885659311
2021-04-04 00:00:00+00:00,213254.50133928572,297195.08735119045,41.08914885659311,18.98928587777274,70.22857121058873,28.199999945504324,64.58571515764508,-9.712678571428572,0.367657530030036,45.16866989454195
2021-04-11 00:00:00+00:00,223239.2111607143,316032.90505952376,45.16866989454195,19.149285997663224,68.45000239780971,26.88571412222726,62.871429443359375,-10.315892857142856,0.42312930296511747,58.43749120649362
2021-04-18 00:00:00+00:00,256880.23586309524,319948.1892857143,58.43749120649362,20.102857589721683,70.49285561697823,27.297143118722097,65.82571302141461,-12.20875,0.6100278024677244,54.14409852259703
2021-04-25 00:00:00+00:00,230954.6217261905,303176.971875,54.14409852259703,20.66000039236886,71.51428549630302,25.457143238612584,66.09571511404855,-13.908035714285713,0.46599359352972697,57.96677153883612
2021-05-02 00:00:00+00:00,240282.25059523812,300152.7183035714,57.96677153883612,22.187857219151088,71.75,27.062857491629465,67.09285627092633,-14.979464285714284,0.5178148402059263,50.82334077147258
2021-05-09 00:00:00+00:00,210872.73601190475,302999.88422619045,50.82334077147258,23.853571483067103,80.71428571428571,26.540000370570592,68.33285522460938,-16.30732142857143,0.3544252230538655,54.73179294814345
2021-05-16 00:00:00+00:00,218300.64895833333,288774.29107142857,54.73179294814345,26.307857240949357,85.22142682756696,26.942856924874448,68.48142896379743,-16.653928571428573,0.3956922711418875,53.65924619367128
2021-05-23 00:00:00+00:00,211747.49494047617,294068.6061011905,53.65924619367128,24.69357136317662,84.82142857142857,27.0,67.03714425223214,-17.12946428571429,0.3592850967534004,57.35020744166148
2021-05-30 00:00:00+00:00,216121.95476190475,288248.5883928572,57.35020744166148,25.337857382638113,85.89285605294364,25.185714176722936,69.18999917166573,-17.583214285714284,0.38358816076504987,59.83116008215605
2021-06-06 00:00:00+00:00,217539.315625,278856.92663690477,59.83116008215605,25.674285888671875,97.45714242117745,23.542857306344168,71.17285592215401,-17.618214285714288,0.39146255284762727,60.2285465565712
2021-06-13 00:00:00+00:00,222701.74464285714,289333.7553571428,60.2285465565712,27.829999378749303,108.62142726353237,22.757142748151505,72.36000061035156,-17.469107142857144,0.4201433152727365,66.106954531925
2021-06-20 00:00:00+00:00,228634.50997023808,302933.16413690476,66.106954531925,28.785714558192662,107.97142900739398,21.714285714285715,73.5500008719308,-17.40642857142857,0.453103813574981,69.99588585704862
2021-06-27 00:00:00+00:00,234923.17663690474,301654.5797619048,69.99588585704862,31.580713544573104,107.8999993460519,21.157142911638534,75.57142857142857,-17.524464285714284,0.48804158298807715,77.74817586314204
2021-07-04 00:00:00+00:00,238396.24419642857,304041.25089285715,77.74817586314204,34.86014338902065,120.14285714285714,20.727142878941127,75.55999864850726,-17.65375,0.5073368072355194,78.96401391637359
2021-07-11 00:00:00+00:00,234177.60476190477,303476.8159226191,78.96401391637359,35.06828580583845,125.40000152587888,20.44571440560477,74.9857155936105,-17.635714285714286,0.4838994301867989,76.66900507691017
2021-07-18 00:00:00+00:00,223047.17321428572,300611.23333333334,76.66900507691017,34.744285583496094,131.38571166992188,20.728571483067103,74.37857055664062,-17.761071428571427,0.4220624031202824,78.15047897560314
2021-07-25 00:00:00+00:00,231678.83556547618,301231.39970238094,78.15047897560314,35.63728550502232,132.54285539899553,20.25,72.32714298793248,-17.899642857142858,0.4700170880896872,69.77002144405253
2021-08-01 00:00:00+00:00,217050.0806547619,298795.51428571425,69.77002144405253,39.66057205200195,132.6857147216797,20.21285711015974,75.53714425223214,-17.59214285714286,0.38874452381460467,71.91770277251123
2021-08-08 00:00:00+00:00,211605.66919642856,287326.8043154762,71.91770277251123,42.55742808750698,141.9857177734375,20.65999984741211,71.29571315220424,-17.256785714285712,0.35849715943615623,81.3978504084822
2021-08-15 00:00:00+00:00,219525.61279761908,290126.76875,81.3978504084822,44.74028451102121,148.1142839704241,19.257142475673135,70.59856959751674,-17.16785714285714,0.40249776846347335,79.03115121929243
2021-08-22 00:00:00+00:00,210257.2580357143,291297.3035714286,79.03115121929243,43.79271425519671,147.96428571428572,16.957142966134207,66.96571459089007,-17.060535714285713,0.3510058292855551,83.5168213754391
2021-08-29 00:00:00+00:00,218119.6587797619,296663.8313988095,83.5168213754391,45.8629995073591,148.82857404436385,15.714285578046526,71.6028562273298,-16.615178571428572,0.3946867490717671,97.51231817963432
2021-09-05 00:00:00+00:00,231453.63154761906,299068.02202380955,97.51231817963432,50.95428630283901,159.93571254185267,23.774285452706476,72.69285692487445,-15.902678571428572,0.4687659284299615,110.42796849890203
2021-09-12 00:00:00+00:00,237893.77470238094,301271.5586309524,110.42796849890203,55.861428941999165,169.33571297781808,34.98571450369699,72.44428471156529,-15.440535714285712,0.5045452515289333,124.2125142152193
2021-09-19 00:00:00+00:00,239912.14880952382,302729.46220238094,124.2125142152193,65.18714141845703,169.4500013078962,28.78285707746233,74.89428383963448,-15.26107142857143,0.5157586760722475,118.73530392916125
2021-09-26 00:00:00+00:00,225735.70208333334,301735.5361607143,118.73530392916125,71.59928458077567,172.2642865862165,23.2000002179827,76.56999860491071,-14.875357142857146,0.4369989877201825,111.11632431105755
2021-10-03 00:00:00+00:00,213001.68958333335,303754.5119047619,111.11632431105755,88.61857278006417,218.80000523158478,25.571428571428573,79.08856964111328,-13.95678571428571,0.3662529908323708,149.74389947837903
2021-10-10 00:00:00+00:00,228383.50461309523,304034.30639880954,149.74389947837903,97.18071528843471,240.67857142857142,24.249999727521626,82.0028566632952,-13.469464285714283,0.4517093101366301,141.2897916547351
2021-10-17 00:00:00+00:00,236725.28869047618,314579.8751488095,141.2897916547351,92.52085767473493,241.7142835344587,23.711429050990514,84.11857169015067,-13.306607142857144,0.49805352649240886,126.29327062310837
2021-10-24 00:00:00+00:00,222673.2220238095,318681.7851190476,126.29327062310837,89.68471200125558,232.27142769949776,22.971428189958846,85.20428575788226,-13.466428571428573,0.4199848529562925,118.82362916042955
2021-10-31 00:00:00+00:00,228995.66919642856,317689.00580357143,118.82362916042955,76.51128387451172,232.8000030517578,22.599999836512975,84.91857038225446,-13.887500000000003,0.45511029578096873,114.33446118094533
2021-11-07 00:00:00+00:00,237335.15476190476,323771.3988095238,114.33446118094533,72.17485809326172,145.72857230050224,25.757142748151505,82.88285609654018,-14.588571428571427,0.5014417423584816,134.60114139839177
2021-11-14 00:00:00+00:00,268348.39285714284,335123.33125,134.60114139839177,74.79985809326172,144.64285714285714,25.788571221487864,82.88999938964844,-15.544464285714287,0.6737411213457943,144.03150969657275
2021-11-21 00:00:00+00:00,261006.19642857142,340492.5511904762,144.03150969657275,89.38314274379185,143.45714242117745,27.67142840794155,80.38142830984933,-16.17214285714286,0.6329502861172741,176.65736588554896
2021-11-28 00:00:00+00:00,279604.70461309527,357708.8105654762,176.65736588554896,89.46114458356585,147.07857186453683,24.079999651227677,77.80999973842076,-16.52125,0.7362774975630195,174.283041547765
2021-12-05 00:00:00+00:00,272413.9967261905,371824.8819940476,174.283041547765,92.0854285103934,120.81428636823382,23.235714231218612,70.31285640171596,-17.430892857142855,0.6963282829860645,193.18600797262312
2021-12-12 00:00:00+00:00,281486.2254464286,368956.44866071426,193.18600797262312,100.72657230922154,132.50714111328125,20.728571483067103,74.88714381626674,-18.37375,0.7467306102028376,212.65666989605865
2021-12-19 00:00:00+00:00,281673.9706845238,359267.42455357144,212.65666989605865,132.88185337611608,143.57857186453683,22.028571810041154,73.93571145193917,-18.763214285714287,0.7477736611681156,243.0290259954017
2021-12-26 00:00:00+00:00,274174.11383928574,345066.2183035714,243.0290259954017,147.19771030970983,145.35714285714286,22.26142828805106,75.4557135445731,-20.389107142857142,0.7061069163748114,103.56550485254427
2022-01-02 00:00:00+00:00,204718.4325892857,301628.2894345238,103.56550485254427,86.85928562709263,139.14285714285714,23.52857153756278,78.49000004359654,-20.486785714285716,0.3202339317555997,134.8677975791216
2022-01-09 00:00:00+00:00,209676.66220238095,309239.76875,134.8677975791216,88.81728690011161,135.01428440638952,24.271428516932897,81.0028577532087,-19.348750000000003,0.34778022926214713,162.38186528501578
2022-01-16 00:00:00+00:00,251675.81919642858,331692.99732142856,162.38186528501578,83.55228642054966,146.34286063058036,25.642857142857142,84.5585708618164,-19.596607142857145,0.581113770437139,149.11574174294034
2022-01-23 00:00:00+00:00,244145.84523809524,333897.2898809524,149.11574174294034,79.00700160435268,160.5857151576451,26.16428565979004,87.72285679408482,-19.56107142857143,0.5392797048414318,158.4309485512474
2022-01-30 00:00:00+00:00,247468.84985119046,330882.01666666666,158.4309485512474,92.41514151436942,165.79285539899553,23.128571374075754,89.12285505022321,-19.7175,0.5577412285768781,141.4104726450244
2022-02-06 00:00:00+00:00,231183.65654761903,323755.88422619045,141.4104726450244,80.90985652378627,179.54285539899553,21.457142966134207,91.53714207240513,-19.350357142857145,0.46726603587765014,129.18575822636672
2022-02-13 00:00:00+00:00,228665.70386904763,315727.2385416667,129.18575822636672,76.8490012032645,187.4499991280692,21.142857142857142,92.82143075125558,-18.237321428571427,0.453277116645643,110.91183669164373
2022-02-20 00:00:00+00:00,203740.1982142857,310280.96592261904,110.91183669164373,73.95500074114118,185.84285627092635,20.264285768781388,94.02285766601562,-17.273392857142856,0.31479918241407834,135.1331644667191
2022-02-27 00:00:00+00:00,215265.3918154762,309530.30803571426,135.1331644667191,94.28914097377232,191.46428571428572,14.75,97.1557137625558,-16.59035714285714,0.37882937797429567,222.5737937925067
2022-03-06 00:00:00+00:00,245645.35788690476,305534.5053571428,222.5737937925067,160.61214447021484,380.6000017438616,8.0628570829119,111.95428575788226,-15.835714285714284,0.5476105053009032,242.05669113219915
2022-03-13 00:00:00+00:00,220814.41294642858,301338.62380952376,242.05669113219915,159.67443193708147,388.24285888671875,8.3057142666408,115.66714259556362,-15.5675,0.4096579193834358,169.12864375703822
2022-03-20 00:00:00+00:00,215314.3293154762,290889.03377976187,169.12864375703822,107.54342869349888,329.57142857142856,10.007142748151505,105.03714316231864,-15.02339285714286,0.3791012586735409,166.4710743405376
2022-03-27 00:00:00+00:00,212192.40119047617,278261.4773809524,166.4710743405376,103.92357090541294,323.5357142857143,9.387142726353236,119.0971439906529,-14.01107142857143,0.36175684995592544,173.70646610426445
2022-04-03 00:00:00+00:00,218869.41175595237,291334.6349702381,173.70646610426445,113.1788569859096,268.3357151576451,11.642857142857142,108.17714364188058,-13.537500000000001,0.3988521306999223,135.3862623577284
2022-04-10 00:00:00+00:00,190056.534375,293258.23214285716,135.3862623577284,105.86971718924386,287.0999973842076,10.257142884390694,103.45142800467355,-14.1975,0.23877723415637336,144.72858988782994
2022-04-17 00:00:00+00:00,193513.4400297619,260576.73735119047,144.72858988782994,98.5942873273577,318.05714634486606,9.357142993382045,108.38571275983539,-13.297321428571427,0.25798266816181703,125.36243637783974
2022-04-24 00:00:00+00:00,179891.7206845238,255767.82663690476,125.36243637783974,95.4721429007394,325.4571446010045,8.828571455819267,107.92714473179409,-12.316607142857142,0.18230486319618983,165.0387731195016
2022-05-01 00:00:00+00:00,203485.66711309526,259391.37485119049,165.0387731195016,100.28056989397321,322.1285705566406,8.142857279096331,106.89142608642578,-11.940892857142856,0.3133850910981895,154.236015894968
2022-05-08 00:00:00+00:00,195218.5293154762,256870.57514880953,154.236015894968,101.70428684779576,304.3999982561384,7.817857197352818,110.10857173374721,-11.262142857142857,0.2674555849899248,131.8188725802335
2022-05-15 00:00:00+00:00,179856.10431547617,256084.66279761906,131.8188725802335,97.70628465924945,317.5357186453683,7.7771428653172086,108.28714425223214,-10.216785714285713,0.18210699033138783,147.3802383956402
2022-05-22 00:00:00+00:00,189151.27038690477,257856.77187499998,147.3802383956402,90.90042986188617,331.5214276994978,7.878571510314941,112.1385726928711,-9.163928571428574,0.23374788435131919,120.29131954995549
2022-05-29 00:00:00+00:00,167655.740625,251363.7375,120.29131954995549,86.06700134277344,329.67142595563615,7.869285651615688,116.67142813546317,-8.27339285714286,0.11432577120060732,148.9664081583537
2022-06-05 00:00:00+00:00,193779.22202380953,252729.8738095238,148.9664081583537,85.6682848249163,324.85714285714283,7.146428448813302,119.33285740443638,-7.812678571428573,0.2594592657482989,130.70366430679445
2022-06-12 00:00:00+00:00,184239.30922619047,253215.91294642858,130.70366430679445,81.9778551374163,322.1285705566406,7.191428525107248,121.82285853794643,-7.413035714285714,0.20645863919085258,150.28739601296542
2022-06-19 00:00:00+00:00,192738.25074404763,260278.65625,150.28739601296542,111.19314248221261,329.6214294433594,7.205000128064837,117.30285753522602,-7.101071428571428,0.25367597074066983,184.19635815818557
2022-06-26 00:00:00+00:00,199405.884375,259491.52827380953,184.19635815818557,127.04728698730469,347.3857116699219,7.057142870766776,112.70285906110492,-7.013750000000001,0.29071915631194395,198.80538150645307
2022-07-03 00:00:00+00:00,199866.6706845238,262001.30833333332,198.80538150645307,140.86985560825892,367.26428658621654,5.6642857279096335,114.1471415928432,-6.902857142857145,0.29327913391676547,185.75274236573463
2022-07-10 00:00:00+00:00,185627.9348214286,261358.84300595237,185.75274236573463,170.38214329310827,383.2142857142857,6.003428527287075,105.82856968470982,-6.505714285714286,0.2141733875499461,212.51139959831767
2022-07-17 00:00:00+00:00,194087.9818452381,261572.66800595238,212.51139959831767,167.33828735351562,389.2142857142857,5.935714312962124,101.24857221330915,-6.186428571428567,0.26117463404763636,238.0581546460138
2022-07-24 00:00:00+00:00,203620.03214285715,266335.7458333333,238.0581546460138,157.42071315220423,375.1642848423549,6.1642857279096335,104.85714067731585,-5.780535714285713,0.3141315791338629,245.68721246565218
2022-07-31 00:00:00+00:00,192590.81488095238,258340.92172619049,245.68721246565218,193.34771074567522,388.8142874581473,5.950000013623919,107.62000165666852,-5.213214285714285,0.25285686544203057,221.4507433818532
2022-08-07 00:00:00+00:00,188358.97351190477,254000.19806547617,221.4507433818532,199.0530046735491,335.75714111328125,5.52142858505249,96.60428510393416,-4.479107142857144,0.22934614277512919,248.80563215191427
2022-08-14 00:00:00+00:00,184288.87782738096,245307.46949404763,248.80563215191427,202.43428693498885,338.9785723005022,5.485714299338205,97.77285766601562,-4.219642857142854,0.20673402608132058,300.6323394726911
2022-08-21 00:00:00+00:00,182749.17916666667,240346.13407738094,300.6323394726911,235.21614510672433,364.8714338030134,5.357142857142857,95.4057137625558,-3.807857142857145,0.19817996532010637,378.6684452315166
2022-08-28 00:00:00+00:00,192654.11324404762,250881.98035714286,378.6684452315166,310.9927193777902,368.9500034877232,5.214285714285714,100.03285653250558,-3.35357142857143,0.2532085303864885,328.4482031143959
2022-09-04 00:00:00+00:00,192992.77529761905,252883.57619047616,328.4482031143959,236.06370980398995,371.4785679408482,5.235714299338205,96.04428318568638,-2.7573214285714323,0.25509002568013495,270.6490147764625
2022-09-11 00:00:00+00:00,193564.85386904763,254685.64523809523,270.6490147764625,215.74342782156808,353.84285627092635,5.0,91.64571271623883,-1.9864285714285757,0.25826830658993216,207.43041551715146
2022-09-18 00:00:00+00:00,180622.52142857143,254104.42083333334,207.43041551715146,197.820571899414,333.64285714285717,6.1642857279096335,92.3085697719029,-1.19089285714286,0.1863649524386029,225.28012853314348
2022-09-25 00:00:00+00:00,197911.87976190477,251021.98273809525,225.28012853314348,187.17928423200334,327.59285627092635,5.357142857142857,88.76571546282086,-0.5058928571428579,0.2824189566923495,187.7978061794238
2022-10-02 00:00:00+00:00,180247.928125,253489.7154761905,187.7978061794238,188.74071393694197,327.82142857142856,5.309999942779541,87.43142700195312,0.03500000000000471,0.18428383490485936,128.82429591658786
2022-10-09 00:00:00+00:00,175982.22976190477,251344.81220238097,128.82429591658786,164.26971435546875,279.89285714285717,5.1557143075125555,94.60142844063895,0.8778571428571423,0.1605850138836079,141.71303493600237
2022-10-16 00:00:00+00:00,193054.72202380953,252828.88898809525,141.71303493600237,150.1269989013672,272.23571341378346,5.022857121058872,93.19857025146483,1.582499999999998,0.25543418137326634,108.39965397679568
2022-10-23 00:00:00+00:00,184583.59851190477,255463.70892857143,108.39965397679568,117.36928449358258,268.9142848423549,4.835714203970773,92.42000034877232,2.4566071428571417,0.2083713975406383,89.42203686657716
2022-10-30 00:00:00+00:00,181831.82217261905,253247.6455357143,89.42203686657716,106.77142987932477,271.3342808314732,4.71114274433681,95.24857003348214,3.2357142857142827,0.1930834307403025,91.28311762425128
2022-11-06 00:00:00+00:00,174031.61011904763,251358.35386904763,91.28311762425128,119.31585802350726,220.95714024135046,4.525714193071638,96.57428632463727,4.038571428571428,0.14974801092143272,98.58772149825195
2022-11-13 00:00:00+00:00,187565.26086309523,264677.0510416667,98.58772149825195,106.85499899727958,193.9142848423549,4.642857142857143,95.36714172363281,5.020178571428573,0.22493653562400567,131.6502221665625
2022-11-20 00:00:00+00:00,204463.7504464286,279555.2745535714,131.6502221665625,115.82728685651507,204.07142857142858,4.5857142720903665,90.35714394705636,6.011964285714285,0.31881900130175034,158.61513735504036
2022-11-27 00:00:00+00:00,218212.315625,290324.5427083333,158.61513735504036,124.01671382359098,214.15713936941964,4.47857141494751,85.35999952043805,7.10142857142857,0.3952015201138756,234.76322794531666
2022-12-04 00:00:00+00:00,253443.0456845238,299600.94211309525,234.76322794531666,135.41556876046317,266.0642830984933,4.242857115609305,85.03428540910993,7.859107142857143,0.590931901181619,251.4408730605699
2022-12-11 00:00:00+00:00,263393.95342261903,308313.03363095236,251.4408730605699,139.80914742606026,261.2714276994978,4.479428563799177,77.66428484235492,7.93517857142857,0.646215880828269,250.04464571374024
2022-12-18 00:00:00+00:00,268054.4607142857,325052.5894345238,250.04464571374024,126.67857033865792,238.36428833007812,4.35628570829119,79.95714242117745,7.013928571428568,0.672108130765347,125.11869310163233
2022-12-25 00:00:00+00:00,200561.23675595238,280683.5751488095,125.11869310163233,93.26457105364118,229.2357134137835,4.227714266095843,82.10428510393415,7.144464285714288,0.297137915202528,53.74910731224196
2023-01-01 00:00:00+00:00,153223.0668154762,251857.59479166666,53.74910731224196,79.59228624616351,228.1499982561384,4.392857142857143,84.500002179827,8.99410714285714,0.034142569212123816,91.63638178832394
2023-01-08 00:00:00+00:00,190135.70654761905,276188.64464285714,91.63638178832394,70.66785648890904,183.40714372907365,4.357142857142857,80.03571428571429,10.956785714285713,0.23921708878017783,79.22080613845459
2023-01-15 00:00:00+00:00,189451.48377976188,294296.7505952381,79.22080613845459,67.28056989397321,169.8642839704241,4.196428571428571,83.18428475516183,13.556785714285715,0.23541577149661205,102.66076672665565
2023-01-22 00:00:00+00:00,239700.4519345238,314757.1369047619,102.66076672665565,63.999000549316406,173.40714372907365,3.8785714081355502,86.461427961077,15.257142857142853,0.5145825576680987,112.21132614715907
2023-01-29 00:00:00+00:00,255037.69851190477,319495.48348214285,112.21132614715907,57.43114253452846,168.14285496303015,4.11185714176723,86.8414306640625,15.132142857142858,0.5997912692687035,100.91527165118922
2023-02-05 00:00:00+00:00,218232.37410714285,309344.771875,100.91527165118922,57.534571511404856,138.17142813546317,4.046428544180734,82.03142874581474,14.975892857142858,0.39531295846178466,105.5187156215235
2023-02-12 00:00:00+00:00,236075.51041666666,311291.9269345238,105.5187156215235,54.53914260864258,132.14285714285714,4.0,84.77714211600167,14.89535714285714,0.49444357152050217,98.64963251922973
2023-02-19 00:00:00+00:00,217453.63586309526,292896.0953869048,98.64963251922973,51.13728659493582,134.88571166992188,3.887857130595616,84.52999986921039,15.234464285714285,0.3909865441921418,94.80665435479791
2023-02-26 00:00:00+00:00,216056.05104166668,290903.35357142857,94.80665435479791,50.28228596278599,137.5999995640346,3.7428571496691023,82.62000165666852,16.008035714285715,0.3832220213108238,103.05514156705385
2023-03-05 00:00:00+00:00,229284.59464285715,300583.87604166666,103.05514156705385,46.114713941301616,139.29285539899553,3.607142857142857,84.69857134137835,15.898749999999998,0.45671547079817926,92.36972686338824
2023-03-12 00:00:00+00:00,209066.1648809524,293350.90372023813,92.36972686338824,47.146856035505024,129.22857230050224,3.9285714285714284,83.15142822265625,15.066607142857142,0.3443885063781149,75.77789653196594
2023-03-19 00:00:00+00:00,184213.5720238095,276107.3912202381,75.77789653196594,44.22657067435129,136.25714111328125,3.8214285714285716,75.07428523472377,14.933571428571426,0.20631565173583444,65.6165181265181
2023-03-26 00:00:00+00:00,178321.53794642858,268825.8385416667,65.6165181265181,41.16685812813895,135.75714111328125,3.7142857142857144,75.24000004359654,15.713214285714283,0.1735814428993603,69.59786658564553
2023-04-02 00:00:00+00:00,178645.73154761904,273007.0395833333,69.59786658564553,45.03242928641183,137.77142987932478,3.6471428871154785,79.08999851771763,15.770892857142856,0.1753825562170101,87.58141804357734
2023-04-09 00:00:00+00:00,196673.8662202381,261328.840625,87.58141804357734,45.00142887660435,139.20714024135046,3.539285659790039,85.04857308523995,14.83714285714286,0.27554095950443885,68.77692582899766
2023-04-16 00:00:00+00:00,168074.02648809523,254594.06443452384,68.77692582899766,42.17671367100307,134.40714154924666,3.532142843518938,86.01999882289341,14.819642857142858,0.11664963026457088,76.30541590750309
2023-04-23 00:00:00+00:00,175202.49389880954,254445.8974702381,76.30541590750309,40.74342891148159,137.69285365513392,3.5,82.67571585518974,14.479107142857142,0.15625305716974017,75.79707894096697
2023-04-30 00:00:00+00:00,179056.50059523812,250989.77529761905,75.79707894096697,38.99457059587751,139.90999930245536,3.482142857142857,79.74000113351005,14.340892857142856,0.1776646543195892,70.7107903833434
2023-05-07 00:00:00+00:00,165375.96488095238,239850.08125,70.7107903833434,36.93142918178013,129.49999782017298,3.3449999945504323,75.05142974853516,14.299285714285716,0.10166008489840664,65.01444848435811
2023-05-14 00:00:00+00:00,170834.21220238094,244542.26086309526,65.01444848435811,34.44442803519113,121.48571450369698,2.8492857047489712,75.47857230050224,14.106607142857142,0.1319843167942597,53.245312281904795
2023-05-21 00:00:00+00:00,155222.84672619047,237292.63556547617,53.245312281904795,30.914428438459122,118.04285757882255,2.6514285632542203,75.67143031529018,13.922142857142855,0.045252690498694,54.06789025418113
2023-05-28 00:00:00+00:00,159723.24270833333,237540.6357142857,54.06789025418113,26.519286019461497,118.89142826625279,2.5714285714285716,76.89999825613839,13.698035714285714,0.07025541451412898,50.697794059236024
2023-06-04 00:00:00+00:00,155554.93616071428,232794.52083333334,50.697794059236024,24.317571095057897,100.45428575788226,2.8214285714285716,75.11714172363281,13.446428571428571,0.04709767047663075,56.46927362581715
2023-06-11 00:00:00+00:00,167034.8105654762,237755.3680059524,56.46927362581715,28.965857097080775,112.43571472167969,3.0714285714285716,75.75428553989956,13.039285714285715,0.11087608744549708,76.47021795173347
2023-06-18 00:00:00+00:00,178244.6318452381,243970.61473214286,76.47021795173347,35.93828528267996,115.42142922537667,3.164285727909633,74.97571345738002,12.826428571428572,0.17315417782517603,77.62429071721618
2023-06-25 00:00:00+00:00,184893.2424107143,248503.27157738095,77.62429071721618,34.58242852347238,115.47142900739398,3.1964285714285716,75.04571424211774,12.477500000000001,0.21009167748394048,66.47177727582695
2023-07-02 00:00:00+00:00,172111.934375,250115.52232142858,66.47177727582695,35.29928616115025,115.0528564453125,2.9285714285714284,74.21571459089007,11.999285714285715,0.13908292211191564,69.94714005916522
2023-07-09 00:00:00+00:00,169350.11845238094,249674.5504464286,69.94714005916522,33.57328632899693,118.62142944335938,2.8999999931880405,76.84000069754464,11.592142857142859,0.12373917867941012,63.95648529031889
2023-07-16 00:00:00+00:00,175438.32232142857,255871.84270833334,63.95648529031889,27.200714656284877,105.31428527832031,2.982142857142857,79.7385733468192,11.416785714285718,0.15756324253768003,63.2737940667893
2023-07-23 00:00:00+00:00,181586.16264880952,254955.8150297619,63.2737940667893,27.37757110595703,108.92857142857143,2.6785714285714284,80.06285640171596,11.49464285714286,0.19171862699859968,63.33317186782525
2023-07-30 00:00:00+00:00,169560.34598214287,243278.4950892857,63.33317186782525,28.34814235142299,110.71428462437221,2.75,84.07285526820591,11.488035714285713,0.12490713388333899,53.720054459170306
2023-08-06 00:00:00+00:00,150413.64583333334,238480.42008928573,53.720054459170306,28.751857212611608,106.77857099260602,2.960714272090367,85.3614273071289,11.101785714285715,0.018534347682638806,51.45187954344898
2023-08-13 00:00:00+00:00,157259.88511904763,234997.20074404762,51.45187954344898,34.90457126072475,115.1499993460519,2.9642857142857144,86.5557131086077,10.845535714285717,0.05656980769183522,68.44225999237571
2023-08-20 00:00:00+00:00,174032.43348214286,237277.98526785715,68.44225999237571,36.726571219308035,115.76428658621651,2.9464285714285716,84.72428676060268,10.575178571428575,0.14975258525673926,86.47266438096665
2023-08-27 00:00:00+00:00,195275.63735119047,255614.0275297619,86.47266438096665,36.677857535226,118.11857278006417,2.9285714285714284,84.07142966134208,10.014464285714281,0.26777285850578725,75.67427223865003
2023-09-03 00:00:00+00:00,184185.68452380953,245066.09032738092,75.67427223865003,35.92585754394531,119.48571450369698,2.9642857142857144,86.8971437726702,9.299464285714285,0.20616071793250987,68.3392570543345
2023-09-10 00:00:00+00:00,183076.79613095237,250510.11979166666,68.3392570543345,33.917143140520366,116.64285823277065,2.9107143197740832,90.15142931256976,8.446071428571432,0.20000009772030233,76.19083943765834
2023-09-17 00:00:00+00:00,193923.14970238094,252022.77083333334,76.19083943765834,36.048000880650115,119.83571297781808,2.9642857142857144,92.86714172363281,7.576249999999998,0.26025888072435477,56.41453510161995
2023-09-24 00:00:00+00:00,164400.853125,248918.28035714285,56.41453510161995,38.14557157244001,122.08571515764508,2.875,93.62999834333148,6.9758928571428545,0.09624268380414228,65.81263223307283
2023-10-01 00:00:00+00:00,177462.12827380953,247652.85625,65.81263223307283,41.3390007019043,123.03714316231864,2.732142857142857,95.01571328299386,6.806607142857144,0.16880684463157453,56.77188800703115
2023-10-08 00:00:00+00:00,170646.99508928572,250665.15401785713,56.77188800703115,37.951856885637554,121.87143053327286,2.557142904826573,86.46428571428571,7.075357142857143,0.13094419991826484,65.50316979472811
2023-10-15 00:00:00+00:00,174904.93913690475,256480.65059523808,65.50316979472811,50.63199942452567,133.99285997663225,2.3250000476837163,88.61285727364677,7.23357142857143,0.15459994050602796,64.86285478314026
2023-10-22 00:00:00+00:00,179296.58705357142,265938.4892857143,64.86285478314026,50.24342836652483,138.17857142857142,2.2357142993382046,91.41571589878627,7.499464285714282,0.1789984959373867,70.0451024174474
2023-10-29 00:00:00+00:00,193886.0800595238,269781.5069940476,70.0451024174474,50.40985761369978,136.01285879952567,2.6714285101209367,89.62857273646763,7.808571428571428,0.260052933946919,46.68820247398673
2023-11-05 00:00:00+00:00,165455.98839285714,267161.0867559524,46.68820247398673,48.43499973842076,124.47857121058873,2.3964286531720846,85.8585706438337,8.296964285714287,0.10210466928405615,66.18843815509834
2023-11-12 00:00:00+00:00,196345.95267857143,281593.66071428574,66.18843815509834,46.38442884172712,123.86428615025112,2.017857142857143,81.51857212611607,8.853392857142858,0.27371917941758706,73.54964251375611
2023-11-19 00:00:00+00:00,207932.1282738095,286792.26443452376,73.54964251375611,46.22271401541574,122.73571450369698,2.032142877578736,80.77428545270648,9.516607142857143,0.33808817093556726,73.04233130511196
2023-11-26 00:00:00+00:00,214440.59042658733,297034.25267857144,73.04233130511196,45.86471503121512,122.90000152587888,2.032142843518938,81.4057148524693,10.487321428571432,0.37424705197992464,94.96157302867766
2023-12-03 00:00:00+00:00,258320.03869047618,318766.2806547619,94.96157302867766,42.813856397356304,117.66428593226841,1.935714261872428,80.60428510393415,10.290000000000001,0.6180268747432507,79.40698744768186
2023-12-10 00:00:00+00:00,241212.48050595238,316574.1738095238,79.40698744768186,39.04457092285157,121.09285736083984,1.6857142959322249,75.87142726353237,9.715357142857144,0.5229828924886094,67.98817344787392
2023-12-17 00:00:00+00:00,227888.66651785714,305618.3311011905,67.98817344787392,34.435713631766184,117.97857230050224,2.0607142618724277,75.68428693498883,10.50232142857143,0.4489601519788472,42.72886623194662
2023-12-24 00:00:00+00:00,186908.79583333334,297188.2782738095,42.72886623194662,34.047999790736604,116.1999991280692,2.150000027247838,79.06857081821987,11.156964285714285,0.2212894312291818,36.386891224992546
2023-12-31 00:00:00+00:00,165988.2691964286,261776.0025297619,36.386891224992546,33.43085643223354,117.01428658621651,2.058571423803057,78.47142900739398,12.077321428571427,0.10506184684870108,67.0915693500091
2024-01-07 00:00:00+00:00,200965.640625,292125.7674107143,67.0915693500091,33.254284722464426,113.01428658621651,1.9678571224212646,77.86428615025112,12.50375,0.2993846504606458,75.46384805805543
2024-01-14 00:00:00+00:00,266365.7589285714,337614.04107142857,75.46384805805543,31.4218567439488,109.46428680419922,1.8678571666990007,77.5414297921317,11.762321428571429,0.6627262575123888,66.53873234688683
2024-01-21 00:00:00+00:00,246395.7144345238,336375.7428571428,66.53873234688683,28.933571679251536,107.02857208251953,1.8785714421953474,78.46285574776786,11.278392857142855,0.5517792401739533,51.31934967440585
2024-01-28 00:00:00+00:00,201395.4505952381,306828.09776785714,51.31934967440585,27.920143127441406,105.83714294433594,1.8142856870378767,81.81857299804688,12.130000000000003,0.30177253368416346,48.83403839657269
2024-02-04 00:00:00+00:00,200952.81324404763,302016.6683035714,48.83403839657269,29.2432861328125,97.55714307512555,1.80357141154153,79.66714368547711,12.966607142857143,0.29931338573926003,55.09444452495571
2024-02-11 00:00:00+00:00,210871.4206845238,305772.115625,55.09444452495571,27.75671468462263,97.22857121058873,1.5357142857142858,80.56999969482422,14.238749999999998,0.3544179155263443,51.06298379200642
2024-02-18 00:00:00+00:00,211389.39895833333,293436.02901785716,51.06298379200642,25.064857482910156,94.36428615025112,1.5428571190152849,82.8057141985212,15.805535714285714,0.35729563292664396,42.54819002561279
2024-02-25 00:00:00+00:00,194895.57336309523,294418.2183035714,42.54819002561279,23.56599998474121,95.33714185442243,1.610714282308306,82.48142896379743,17.0425,0.26566134764313065,44.73255362430218
2024-03-03 00:00:00+00:00,207285.71473214286,294833.73214285716,44.73255362430218,25.187428610665457,104.01428549630302,1.4892857415335519,83.44714464460101,15.32017857142857,0.33449690931186554,48.979746832648004
2024-03-10 00:00:00+00:00,211170.10967261903,294263.4459821428,48.979746832648004,26.58471461704799,111.40714372907367,1.5035714251654488,82.42857251848493,18.37392857142857,0.3560773335787617,47.8271833919309
2024-03-17 00:00:00+00:00,199654.69717261905,281840.1752976191,47.8271833919309,25.962142399379186,110.8499995640346,1.5142857006617956,84.22856903076172,18.56303571428571,0.2921014786087067,47.976020344940714
2024-03-24 00:00:00+00:00,194032.31875,272753.86592261906,47.976020344940714,27.879999705723353,112.67142922537667,1.4928571496691023,86.04142761230469,19.047499999999996,0.2608653881471411,42.08052299139191
2024-03-31 00:00:00+00:00,180159.51964285714,266063.90550595237,42.08052299139191,27.52400016784668,114.20857347760882,1.4964285748345512,87.00142996651786,18.936785714285715,0.18379266637470945,32.857710212660535
2024-04-07 00:00:00+00:00,159072.5511904762,259281.390625,32.857710212660535,26.44714300973075,118.62857055664062,1.5178571258272444,89.97857012067523,19.054285714285715,0.06664038585782395,31.61144625611752
2024-04-14 00:00:00+00:00,163474.29151785714,256659.2467261905,31.61144625611752,29.133143288748606,120.12857164655414,1.5214285680225916,90.19571249825614,20.07,0.09109501141295419,46.02126259448018
2024-04-21 00:00:00+00:00,175096.7074404762,264976.90520833334,46.02126259448018,31.450570787702286,120.37142944335938,1.4928571496691023,88.0557141985212,19.958928571428572,0.15566534230358753,55.77111939547661
2024-04-28 00:00:00+00:00,189533.40014880954,265984.50252976187,55.77111939547661,29.02485683986119,118.78428540910993,1.5,88.70714242117745,17.910357142857144,0.23587087197571918,41.82972175216712
2024-05-05 00:00:00+00:00,155329.42157738094,240741.89583333334,41.82972175216712,29.76271411350795,105.53571428571429,1.4500000476837158,84.60714285714286,16.959464285714287,0.045844785416979957,45.70797175037856
2024-05-12 00:00:00+00:00,169454.76845238096,240806.88333333333,45.70797175037856,30.632713862827845,107.14285823277065,1.4428571803229195,83.18857247488839,16.32392857142857,0.12432057975580385,37.84571585155847
2024-05-19 00:00:00+00:00,159395.88407738094,243820.77083333334,37.84571585155847,30.219427926199778,105.41428593226841,1.4535714558192663,83.38571493966239,16.030357142857145,0.06843671732920344,48.4357741464864
2024-05-26 00:00:00+00:00,165815.43616071428,239892.32187500002,48.4357741464864,33.81914384024484,105.69285801478794,1.4321428367069788,82.31571524483817,15.41910714285714,0.1041016431888762,46.26343385193284
2024-06-02 00:00:00+00:00,161191.56458333335,241067.6369047619,46.26343385193284,34.198429107666016,105.71714346749442,1.399999976158142,82.38000161307198,14.699642857142857,0.0784129292644135,53.210104692126215
2024-06-09 00:00:00+00:00,166670.12604166666,244801.1599702381,53.210104692126215,33.73985780988421,111.77857208251953,2.757142816271101,79.00285884312221,13.738392857142856,0.10885001984218179,47.5479155849731
2024-06-16 00:00:00+00:00,159370.2726190476,245455.17395833335,47.5479155849731,35.09157126290457,109.67143140520366,2.789285659790039,82.39428601946149,13.0225,0.06829442846687181,55.51047947398832
2024-06-23 00:00:00+00:00,175754.62723214287,248096.64479166668,55.51047947398832,34.26885768345424,109.4500013078962,2.603571449007307,85.19142804827008,12.598035714285713,0.15932052887841464,55.425172753354026
2024-06-30 00:00:00+00:00,174751.134375,251075.9955357143,55.425172753354026,34.39457157679966,109.1471448625837,2.280714273452759,85.98428780691964,12.28482142857143,0.1537454516945049,42.33521695220264
2024-07-07 00:00:00+00:00,159241.19136904762,249208.2800595238,42.33521695220264,33.107572828020366,103.92856924874442,2.305000066757202,86.73428453717914,11.99410714285714,0.06757729537855624,56.080186964280514
2024-07-14 00:00:00+00:00,177983.95863095237,255904.93809523812,56.080186964280514,31.52485683986119,103.17857142857143,2.305000066757202,85.14000047956195,11.684464285714286,0.17170596294344936,58.367409817594364
2024-07-21 00:00:00+00:00,181499.18244047617,257280.54151785714,58.367409817594364,32.1778564453125,105.37142944335938,2.305000066757202,83.8085708618164,11.471428571428575,0.1912353934892834,55.436424837970726
2024-07-28 00:00:00+00:00,180692.03214285715,253472.67336309524,55.436424837970726,32.18371336800711,105.96571568080357,2.305000066757202,81.55428532191685,11.222857142857142,0.18675113116871855,56.78176481688944
2024-08-04 00:00:00+00:00,182893.0607142857,253672.08839285714,56.78176481688944,35.859713963099885,119.04285757882255,2.305000066757202,78.43999808175224,10.650892857142857,0.19897932400772114,52.031055421838865
2024-08-11 00:00:00+00:00,171487.75059523812,249231.32842261903,52.031055421838865,38.84400013514928,121.29285757882255,2.305000066757202,78.46428898402623,10.081250000000002,0.13561516175433333,61.84989649016308
2024-08-18 00:00:00+00:00,170578.15208333335,243348.57842261903,61.84989649016308,39.519714900425505,122.17857251848493,2.305000066757202,80.40428706577846,9.654107142857143,0.1305617307566511,50.14122349176722
2024-08-25 00:00:00+00:00,154969.72098214287,247541.35773809525,50.14122349176722,37.426856994628906,121.20714351109096,2.305000066757202,77.88428497314453,9.465714285714283,0.043846406886155,65.39463013087713
2024-09-01 00:00:00+00:00,179436.0199404762,257572.12083333332,65.39463013087713,38.99071502685547,121.42714364188058,2.305000066757202,79.42428806849888,9.098749999999999,0.17977313932516598,68.31074031448459
2024-09-08 00:00:00+00:00,181260.82083333333,256837.04122023808,68.31074031448459,36.92085756574358,115.80428750174386,2.305000066757202,73.01714215959821,8.228571428571426,0.18991113457897518,55.110656965015835
2024-09-15 00:00:00+00:00,163277.84226190476,250233.6825892857,55.110656965015835,35.84171404157366,113.92142922537667,2.1785713945116316,71.20571463448661,7.4803571428571445,0.09000360377924722,57.98267737470475
2024-09-22 00:00:00+00:00,172897.13571428572,247528.40758928572,57.98267737470475,34.46971457345145,113.77142987932477,2.089285680225917,74.0642841884068,6.586607142857138,0.14344524321890467,44.84411625165541
2024-09-29 00:00:00+00:00,161409.48229166665,252770.5776785714,44.84411625165541,37.31071308680943,114.73285566057477,2.103571449007307,72.86714390345982,5.936250000000001,0.07962360857822336,59.548223727597566
2024-10-06 00:00:00+00:00,180781.70193452382,257357.0345238095,59.548223727597566,39.96942792619978,119.43571363176618,2.2178571224212646,75.85714394705636,5.242499999999999,0.1872493071208924,48.67841413459182
2024-10-13 00:00:00+00:00,172148.20372023812,260874.4921130952,48.67841413459182,39.63342884608677,120.0499997820173,2.1164286136627197,78.7442866734096,4.857678571428573,0.13928442269826563,52.715155373376604
2024-10-20 00:00:00+00:00,182530.37202380953,261015.23973214286,52.715155373376604,39.57642800467355,118.88571493966239,2.3285714217594693,74.22285570417132,4.618035714285712,0.196964344599803,61.044669602660534
2024-10-27 00:00:00+00:00,191794.55327380952,260298.07663690476,61.044669602660534,42.11442838396345,119.18856920514789,2.26785717691694,75.40285818917411,4.428035714285711,0.2484330971144266,66.2415588426494
2024-11-03 00:00:00+00:00,191892.69732142857,261343.00208333335,66.2415588426494,40.62914276123047,119.4500013078962,2.194285699299403,72.50714329310826,4.2005357142857145,0.24897835325324494,85.68558219726131
2024-11-10 00:00:00+00:00,230511.5825892857,276815.4375,85.68558219726131,41.38342884608678,119.08571515764508,2.378571476255144,74.68142918178013,3.3587499999999983,0.4635322133951743,83.84249125067726
2024-11-17 00:00:00+00:00,212889.48229166665,288740.76324404764,83.84249125067726,45.36085673740932,121.29285648890904,2.360714333398002,71.66857147216797,1.860357142857142,0.36562960392215355,75.80764148397763
2024-11-24 00:00:00+00:00,201556.89255952384,305544.6495535714,75.80764148397763,46.96014404296874,122.39285823277065,2.078571387699672,74.16571371895927,0.688750000000003,0.3026694522872292,77.4858294031804
2024-12-01 00:00:00+00:00,210677.39598214286,296506.2348214286,77.4858294031804,47.41514369419643,121.82857077462334,1.9464285714285714,72.9000015258789,0.44374999999999637,0.35333997791706356,81.95947387605094
2024-12-08 00:00:00+00:00,214542.19166666668,306018.90074404766,81.95947387605094,47.17842810494559,115.10714176722935,1.9964285918644495,71.88714381626674,0.42375000000000235,0.37481151514614597,106.13869726110815
2024-12-15 00:00:00+00:00,245892.52276785715,319622.1836309524,106.13869726110815,43.07857131958008,113.20714351109096,2.0428571701049805,73.53285653250558,-0.18000000000000071,0.5489836723131575,56.009963439200405
2024-12-22 00:00:00+00:00,186988.23898809523,303090.67038690473,56.009963439200405,42.68814304896763,111.58571297781808,2.067857163293021,73.17000143868583,-0.35571428571428704,0.22173079134089382,68.79256736007457
2024-12-29 00:00:00+00:00,200222.0480654762,267349.29434523813,68.79256736007457,46.56157030378069,112.16000039236886,2.171428646360125,73.65142822265625,-0.701428571428571,0.29525349408696777,68.33211846861529
2025-01-05 00:00:00+00:00,199514.03244047618,290591.95446428575,68.33211846861529,49.22142900739397,113.67857033865792,2.1749999863760814,75.59000069754464,-2.139642857142858,0.291319991492811,73.22182263339539
2025-01-12 00:00:00+00:00,216984.47157738096,315397.2099702381,73.22182263339539,45.767142159598215,107.18571363176618,2.074999979564122,77.95857347760882,-2.7403571428571456,0.3883800212994545,87.90874599843275
2025-01-19 00:00:00+00:00,260711.15014880954,330959.3991071428,87.90874599843275,47.01657213483538,108.25,2.2821428775787354,80.94571467808315,-3.6026785714285694,0.631311105757604,90.77506755782647
2025-01-26 00:00:00+00:00,238813.69136904762,319904.88794642856,90.77506755782647,49.122714451381135,109.70714351109096,2.642857108797346,78.98142896379743,-4.3651785714285705,0.5096560068102751,74.7780852027287
2025-02-02 00:00:00+00:00,224049.84553571427,311320.40907738096,74.7780852027287,51.2398567199707,110.1557137625558,2.5642857210976735,76.9000015258789,-3.682142857142859,0.42763292167688655,89.06445992383166
2025-02-09 00:00:00+00:00,245214.0151785714,320542.215625,89.06445992383166,54.42157091413225,106.00714220319476,4.14285717691694,75.00571550641742,-4.253392857142857,0.5452141066872429,97.70272698737041
2025-02-16 00:00:00+00:00,252473.45089285713,320319.5056547619,97.70272698737041,53.55771473475865,102.29285757882255,5.682142870766776,75.32714189801898,-4.859642857142856,0.5855451505314458,75.60996753213242
2025-02-23 00:00:00+00:00,218545.02187499998,309092.1075892857,75.60996753213242,48.17757143293108,100.3500006539481,4.692856992994036,75.19857134137835,-6.35392857142857,0.397049926916292,75.55607726791543
2025-03-02 00:00:00+00:00,221028.9638392857,297996.74761904764,75.55607726791543,44.38014275687082,99.67000034877232,5.735714299338205,73.41571371895927,-6.473928571428574,0.4108498937747242,58.7136597523487
2025-03-09 00:00:00+00:00,190540.5244047619,285268.1525297619,58.7136597523487,41.19114358084543,96.95714242117745,5.803571496691022,70.35714394705636,-6.064464285714284,0.24146612402037093,74.2528910868819
2025-03-16 00:00:00+00:00,224655.3113095238,293527.85967261903,74.2528910868819,42.163143157958984,98.3499995640346,6.397142818995884,70.20142800467355,-5.9455357142857155,0.4309966909326184,55.14439974779592
2025-03-23 00:00:00+00:00,183988.93080357142,282414.2443452381,55.14439974779592,42.28971426827567,97.7000013078962,6.217857156481061,71.55571528843471,-6.357142857142859,0.20506761879509103,57.37533164146343
2025-03-30 00:00:00+00:00,189724.08735119048,273249.4620535714,57.37533164146343,41.16228648594448,97.6028584071568,5.153571401323591,73.53285544259208,-6.2285714285714295,0.23693026752964907,48.73240748711552
2025-04-06 00:00:00+00:00,167433.8367559524,262680.42842261906,48.73240748711552,38.96942901611328,101.91428702218192,4.089285748345511,70.15142822265625,-5.961964285714286,0.11309294608526868,50.023594863223195
2025-04-13 00:00:00+00:00,174192.82797619049,260756.38139880955,50.023594863223195,34.36842891148159,102.47142900739398,4.399999959128244,64.3028586251395,-5.957142857142857,0.15064368445871626,48.19092060274983
2025-04-20 00:00:00+00:00,168361.48363095237,250497.86607142858,48.19092060274983,35.26371547154018,103.34285736083984,4.317856992994036,66.74857003348214,-5.661607142857143,0.11824664786871963,55.73584070319981
2025-04-27 00:00:00+00:00,171939.64077380951,244738.55416666667,55.73584070319981,33.561571393694194,102.47857230050224,4.48500006539481,66.71143123081752,-5.761964285714285,0.13812571537337875,41.08549673330414
2025-05-04 00:00:00+00:00,149103.17068452382,232166.4566964286,41.08549673330414,32.56485666547503,93.85714285714286,4.503571510314941,62.7471433367048,-5.652678571428572,0.011253777571746188,50.968070797065984
2025-05-11 00:00:00+00:00,165975.24404761905,245961.15818452384,50.968070797065984,34.48557118007115,96.23571559361048,4.221428666796003,62.58142852783203,-5.64357142857143,0.10498948339396576,45.604578727060165
2025-05-18 00:00:00+00:00,155064.73988095237,244232.34910714286,45.604578727060165,35.27771323067801,95.16428484235492,4.2928571701049805,65.49142892020089,-6.061428571428571,0.04437430072318872,43.93934493214792
2025-05-25 00:00:00+00:00,149902.83333333334,245995.89047619049,43.93934493214792,36.3615711757115,95.94285801478794,3.9857142993382038,64.9442858014788,-6.704821428571431,0.015696440971360227,42.010336456061054
2025-06-01 00:00:00+00:00,147077.5331845238,241182.5925595238,42.010336456061054,35.4264292035784,95.76857212611607,3.785714251654489,64.23142896379743,-7.058392857142856,0.0,45.06441326874739
2025-06-08 00:00:00+00:00,151655.43273809523,246741.14449404762,45.06441326874739,35.95128577096121,99.85000174386161,3.8642857755933497,65.69571358816964,-6.839107142857144,0.02543330843830085,47.847381235839656
2025-06-15 00:00:00+00:00,156618.38035714286,248563.3974702381,47.847381235839656,36.57357134137835,102.87857055664062,4.0035713740757535,70.81857299804688,-6.645178571428571,0.05300581763848548,52.93082210273765
2025-06-22 00:00:00+00:00,163814.4875,252796.48303571428,52.93082210273765,39.626857212611604,103.85714285714286,3.8678571496691023,76.30142865862165,-6.60125,0.09298502871063816,50.699028833815134
2025-06-29 00:00:00+00:00,161102.96741071428,264238.11904761905,50.699028833815134,34.974715096609934,103.67714146205357,4.092857190540859,68.19142804827008,-6.383571428571426,0.07792071243186538,60.170649602369316
2025-07-06 00:00:00+00:00,179780.45714285714,269604.83095238096,60.170649602369316,33.4418569292341,108.2000002179827,4.621428557804653,68.21428680419922,-6.407857142857146,0.18168671945143716,57.505572719237115
2025-07-13 00:00:00+00:00,171564.65773809524,252923.46949404763,57.505572719237115,34.8567145211356,108.09285627092633,4.771428516932896,69.94857243129185,-6.365357142857141,0.13604243261567575,58.022862128904265
2025-07-20 00:00:00+00:00,173656.3087797619,253670.67797619046,58.022862128904265,34.271428789411274,104.97143009730748,4.685714312962124,69.11428397042411,-6.20410714285714,0.1476629597734854,57.22838421409477
2025-07-27 00:00:00+00:00,172910.04345238095,249796.3306547619,57.22838421409477,32.687857491629465,104.432859148298,4.149999891008649,68.68714359828404,-5.973392857142857,0.14351695437822026,49.50160678046371
2025-08-03 00:00:00+00:00,153478.77976190476,242166.81651785714,49.50160678046371,34.10485676356724,103.91428702218192,4.396428653172085,71.0471420288086,-5.750357142857147,0.03556322647252847,43.207531263490964
2025-08-10 00:00:00+00:00,150802.81309523812,241615.72425595237,43.207531263490964,33.1764281136649,101.84285736083984,4.6557143075125555,67.06999860491071,-5.5435714285714255,0.020696433348846015,57.5193907514776
2025-08-17 00:00:00+00:00,165000.25729166667,246832.89255952384,57.5193907514776,31.891714096069336,99.85000174386161,4.98571423121861,66.10999843052456,-5.713035714285711,0.0995727767587033,59.437309084535386
2025-08-24 00:00:00+00:00,159189.4617559524,243106.14032738097,59.437309084535386,32.61414337158203,100.06428636823382,4.675000054495675,67.1557148524693,-5.902321428571434,0.0672899026147245,60.273809875412184
2025-08-31 00:00:00+00:00,170566.78869047618,248893.69211309523,60.273809875412184,32.31571360996791,99.64285823277065,4.325000081743513,68.15000261579242,-5.875357142857145,0.1304985994729565,51.40688382924658
2025-09-07 00:00:00+00:00,162473.19791666666,250343.92827380955,51.40688382924658,31.974999564034597,96.10714176722935,4.125,66.90714263916016,-5.490714285714288,0.08553326370819653,56.5718508178584
2025-09-14 00:00:00+00:00,165377.63244047618,251741.2488095238,56.5718508178584,32.775142669677734,93.42142813546317,3.3964286191122874,66.74857003348214,-5.511428571428572,0.10166934931218677,44.85691546629178
2025-09-21 00:00:00+00:00,151017.57678571428,255457.60952380951,44.85691546629178,32.39428492954799,93.61428615025112,3.4928571496691023,67.33428628104073,-5.49571428571429,0.021889589973911477,56.71463462445294
2025-09-28 00:00:00+00:00,173821.3611607143,256831.30744047617,56.71463462445294,32.365570885794504,92.94285583496095,3.2164285523550853,69.04571206229073,-5.791964285714286,0.1485799366673894,53.270089108635545
2025-10-05 00:00:00+00:00,164616.9706845238,257294.17470238096,53.270089108635545,31.51071412222726,92.67857142857143,2.7999999863760814,65.43428475516183,-6.337499999999999,0.09744336208158809,64.13965093525537
2025-10-12 00:00:00+00:00,184487.81398809524,261210.37693452384,64.13965093525537,32.56214196341379,90.37857164655414,3.0357142857142856,64.36857114519391,-6.931607142857144,0.20783925014221777,75.01584190278876
2025-10-19 00:00:00+00:00,196421.803125,265830.53779761906,75.01584190278876,31.84685707092285,91.72142900739398,3.614285809653146,61.79285757882254,-7.539464285714284,0.27414057962015287,47.64120974244605
2025-10-26 00:00:00+00:00,156373.67723214286,270829.3818452381,47.64120974244605,32.02985654558454,92.41428702218192,3.9178571360451833,64.10428619384766,-7.964285714285718,0.05164632733488418,54.69997206161398
2025-11-02 00:00:00+00:00,173467.87544642857,271083.41711309523,54.69997206161398,31.3109997340611,92.7442855834961,3.750000034059797,65.02142878941127,-8.166071428571428,0.14661608597674938,59.11643889955138
2025-11-09 00:00:00+00:00,196656.83467261906,273974.78392857144,59.11643889955138,31.608857018607004,96.91428593226841,3.3714285918644498,63.87428665161133,-8.036607142857143,0.27544633781195577,57.49886416482776
2025-11-16 00:00:00+00:00,195188.64836309524,281350.0029761905,57.49886416482776,31.044857025146484,96.02857099260602,3.585714340209961,64.01571382795062,-7.9294642857142845,0.2672895762189936,74.97189484638088
2025-11-23 00:00:00+00:00,231747.7212797619,314967.13422619045,74.97189484638088,30.82928575788226,96.01428549630302,4.03571435383388,63.37999997820173,-8.401250000000001,0.4703997945247933,75.42132211185252
2025-11-30 00:00:00+00:00,227779.59568452384,316325.3005952381,75.42132211185252,29.18857111249651,96.17428588867188,5.0357144219534735,63.1014289855957,-9.626071428571427,0.4483541902024198,56.60337776780474
2025-12-07 00:00:00+00:00,227964.48526785715,312763.6013392857,56.60337776780474,27.624142783028738,97.8999993460519,4.435714381081717,63.25714220319475,-9.989999999999997,0.4493813760864518,56.60337776780474
2025-12-14 00:00:00+00:00,220483.98328373017,302408.57609126985,56.60337776780474,27.259857177734375,96.75,4.3678571837288995,61.61142785208566,-9.419999999999996,0.40782216055338105,56.60337776780474
2025-12-21 00:00:00+00:00,222291.36785714285,302046.5800595238,56.60337776780474,27.668713978358678,96.57142966134208,4.7428571837288995,60.05571474347796,-9.270714285714286,0.41786339644864445,56.60337776780474
2025-12-28 00:00:00+00:00,196738.16681547617,285926.0388392857,56.60337776780474,27.984856741768972,96.3000008719308,4.685714312962124,61.55000032697405,-10.125178571428567,0.2758981925219655,56.60337776780473
